canonical_smiles,pEC50,ec50_nM,Assay_1_Number,scaffold,oof_pred_pEC50
CC(=O)N(C)CCn1c(CN2CCC(c3cccc4c3OC(C)(c3ccc(Cl)cc3F)O4)CC2)nc2ccc(C(=O)O)cc21,8.455931955649724,3.5,4.0,c1ccc(C2Oc3cccc(C4CCN(Cc5nc6ccccc6[nH]5)CC4)c3O2)cc1,7.900570869445801
CC(=O)NCCn1c(CN2CCC(c3cccc4c3OC(C)(c3ccc(Cl)cc3F)O4)CC2)nc2ccc(C(=O)O)cc21,6.638272163982407,230.0,3.0,c1ccc(C2Oc3cccc(C4CCN(Cc5nc6ccccc6[nH]5)CC4)c3O2)cc1,7.783080577850342
CC1(c2ccc(Cl)cc2F)Oc2cccc(C3CCN(Cc4nc5ccc(C(=O)O)cc5n4C4CCOC4)CC3)c2O1,8.0,10.0,3.0,c1ccc(C2Oc3cccc(C4CCN(Cc5nc6ccccc6n5C5CCOC5)CC4)c3O2)cc1,8.707192420959473
CC1(c2ccc(Cl)cc2F)Oc2cccc(C3CCN(Cc4nc5ccc(C(=O)O)cc5n4CC4(O)CCC4)CC3)c2O1,7.853871964321762,14.0,3.0,c1ccc(C2Oc3cccc(C4CCN(Cc5nc6ccccc6n5CC5CCC5)CC4)c3O2)cc1,7.245354652404785
CC1(c2ccc(Cl)cc2F)Oc2cccc(C3CCN(Cc4nc5ccc(C(=O)O)cc5n4CC4CCOC4)CC3)c2O1,8.920818753952375,1.2,4.0,c1ccc(C2Oc3cccc(C4CCN(Cc5nc6ccccc6n5CC5CCOC5)CC4)c3O2)cc1,7.901703834533691
CC1(c2ccc(Cl)cc2F)Oc2cccc(C3CCN(Cc4nc5ccc(C(=O)O)cc5n4CCCn4cnnc4)CC3)c2O1,7.7447274948966935,18.0,3.0,c1ccc(C2Oc3cccc(C4CCN(Cc5nc6ccccc6n5CCCn5cnnc5)CC4)c3O2)cc1,8.460677146911621
CC1(c2ccc(Cl)cc2F)Oc2cccc(C3CCN(Cc4nc5ccc(C(=O)O)cc5n4CCN4CCCC4)CC3)c2O1,6.1487416512809245,710.0,3.0,c1ccc(C2Oc3cccc(C4CCN(Cc5nc6ccccc6n5CCN5CCCC5)CC4)c3O2)cc1,8.012619018554688
CC1(c2ccc(Cl)cc2F)Oc2cccc(C3CCN(Cc4nc5ccc(C(=O)O)cc5n4CCN4CCCC4=O)CC3)c2O1,7.853871964321762,14.0,3.0,O=C1CCCN1CCn1c(CN2CCC(c3cccc4c3OC(c3ccccc3)O4)CC2)nc2ccccc21,7.394266605377197
CC1(c2ccc(Cl)cc2F)Oc2cccc(C3CCN(Cc4nc5ccc(C(=O)O)cc5n4CCN4CCOC4=O)CC3)c2O1,8.2839966563652,5.2,4.0,O=C1OCCN1CCn1c(CN2CCC(c3cccc4c3OC(c3ccccc3)O4)CC2)nc2ccccc21,7.319018363952637
CC1(c2ccc(Cl)cc2F)Oc2cccc(C3CCN(Cc4nc5ccc(C(=O)O)cc5n4CCN4CCOCC4)CC3)c2O1,6.795880017344075,160.0,4.0,c1ccc(C2Oc3cccc(C4CCN(Cc5nc6ccccc6n5CCN5CCOCC5)CC4)c3O2)cc1,7.145503997802734
CC1(c2ccc(Cl)cc2F)Oc2cccc(C3CCN(Cc4nc5ccc(C(=O)O)cc5n4CCO)CC3)c2O1,7.187086643357144,65.0,3.0,c1ccc(C2Oc3cccc(C4CCN(Cc5nc6ccccc6[nH]5)CC4)c3O2)cc1,8.022965431213379
CC1(c2ccc(Cl)cc2F)Oc2cccc(C3CCN(Cc4nc5ccc(C(=O)O)cc5n4CCc4ncc[nH]4)CC3)c2O1,6.337242168318426,460.0,3.0,c1ccc(C2Oc3cccc(C4CCN(Cc5nc6ccccc6n5CCc5ncc[nH]5)CC4)c3O2)cc1,6.802755832672119
CC1(c2ccc(Cl)cc2F)Oc2cccc(C3CCN(Cc4nc5ccc(C(=O)O)cc5n4CCn4cccn4)CC3)c2O1,8.508638306165727,3.1,3.0,c1ccc(C2Oc3cccc(C4CCN(Cc5nc6ccccc6n5CCn5cccn5)CC4)c3O2)cc1,7.960949897766113
CC1(c2ccc(Cl)cc2F)Oc2cccc(C3CCN(Cc4nc5ccc(C(=O)O)cc5n4CCn4ccnc4)CC3)c2O1,7.920818753952375,12.0,4.0,c1ccc(C2Oc3cccc(C4CCN(Cc5nc6ccccc6n5CCn5ccnc5)CC4)c3O2)cc1,7.740488529205322
CC1(c2ccc(Cl)cc2F)Oc2cccc(C3CCN(Cc4nc5ccc(C(=O)O)cc5n4C[C@@H]4CCCO4)CC3)c2O1,8.853871964321762,1.4,3.0,c1ccc(C2Oc3cccc(C4CCN(Cc5nc6ccccc6n5C[C@@H]5CCCO5)CC4)c3O2)cc1,8.05031681060791
CC1(c2ccc(Cl)cc2F)Oc2cccc(C3CCN(Cc4nc5ccc(C(=O)O)cc5n4C[C@H]4CCCO4)CC3)c2O1,8.036212172654444,9.2,3.0,c1ccc(C2Oc3cccc(C4CCN(Cc5nc6ccccc6n5C[C@H]5CCCO5)CC4)c3O2)cc1,8.278340339660645
CC1(c2ccc(Cl)cc2F)Oc2cccc(C3CCN(Cc4nc5ccc(C(=O)O)cc5n4Cc4ccccn4)CC3)c2O1,8.00436480540245,9.9,3.0,c1ccc(C2Oc3cccc(C4CCN(Cc5nc6ccccc6n5Cc5ccccn5)CC4)c3O2)cc1,8.10527229309082
CC1(c2ccc(Cl)cc2F)Oc2cccc(C3CCN(Cc4nc5ccc(C(=O)O)cc5n4Cc4cccnc4)CC3)c2O1,8.920818753952375,1.2,3.0,c1ccc(C2Oc3cccc(C4CCN(Cc5nc6ccccc6n5Cc5cccnc5)CC4)c3O2)cc1,7.95770788192749
CC1(c2ccc(Cl)cc2F)Oc2cccc(C3CCN(Cc4nc5ccc(C(=O)O)cc5n4Cc4cn[nH]c4)CC3)c2O1,8.769551078621726,1.7,3.0,c1ccc(C2Oc3cccc(C4CCN(Cc5nc6ccccc6n5Cc5cn[nH]c5)CC4)c3O2)cc1,6.8972296714782715
CC1(c2ccc(Cl)cc2F)Oc2cccc(C3CCN(Cc4nc5ccc(C(=O)O)cc5n4Cc4cnco4)CC3)c2O1,8.0,10.0,3.0,c1ccc(C2Oc3cccc(C4CCN(Cc5nc6ccccc6n5Cc5cnco5)CC4)c3O2)cc1,8.315135955810547
CC1(c2ccc(Cl)cc2F)Oc2cccc(C3CCN(Cc4nc5ccc(C(=O)O)cc5n4Cc4cocn4)CC3)c2O1,8.397940008672037,4.0,3.0,c1ccc(C2Oc3cccc(C4CCN(Cc5nc6ccccc6n5Cc5cocn5)CC4)c3O2)cc1,8.245209693908691
CC1(c2ccc(Cl)cc2F)Oc2cccc(C3CCN(Cc4nc5ccc(C(=O)O)cc5n4Cc4ncco4)CC3)c2O1,8.958607314841775,1.1,3.0,c1ccc(C2Oc3cccc(C4CCN(Cc5nc6ccccc6n5Cc5ncco5)CC4)c3O2)cc1,8.378270149230957
CC1(c2ccc(Cl)cc2F)Oc2cccc(C3CCN(Cc4nc5ccc(C(=O)O)nc5n4Cc4cnco4)CC3)c2O1,7.537602002101044,29.0,3.0,c1ccc(C2Oc3cccc(C4CCN(Cc5nc6cccnc6n5Cc5cnco5)CC4)c3O2)cc1,8.079070091247559
CC1(c2ccc(Cl)cc2F)Oc2cccc(C3CCN(Cc4nc5ccc(C(=O)O)nc5n4Cc4ncco4)CC3)c2O1,8.346787486224656,4.5,3.0,c1ccc(C2Oc3cccc(C4CCN(Cc5nc6cccnc6n5Cc5ncco5)CC4)c3O2)cc1,7.830524444580078
CCc1ccc(C2(C)Oc3cccc(C4CCN(Cc5nc6ccc(C(=O)O)cc6n5CCOC)CC4)c3O2)cc1,8.275724130399212,5.3,4.0,c1ccc(C2Oc3cccc(C4CCN(Cc5nc6ccccc6[nH]5)CC4)c3O2)cc1,6.948000907897949
CCn1cc(Cn2c(CN3CCC(c4cccc5c4OC(C)(c4ccc(Cl)cc4F)O5)CC3)nc3ccc(C(=O)O)cc32)nn1,9.113509274827518,0.77,3.0,c1ccc(C2Oc3cccc(C4CCN(Cc5nc6ccccc6n5Cc5c[nH]nn5)CC4)c3O2)cc1,7.903680801391602
CCn1ccnc1Cn1c(CN2CCC(c3cccc4c3OC(C)(c3ccc(Cl)cc3F)O4)CC2)nc2ccc(C(=O)O)cc21,7.721246399047171,19.0,3.0,c1ccc(C2Oc3cccc(C4CCN(Cc5nc6ccccc6n5Cc5ncc[nH]5)CC4)c3O2)cc1,8.093562126159668
CN(C)C(=O)CCn1c(CN2CCC(c3cccc4c3OC(C)(c3ccc(Cl)cc3F)O4)CC2)nc2ccc(C(=O)O)cc21,7.130768280269024,74.0,3.0,c1ccc(C2Oc3cccc(C4CCN(Cc5nc6ccccc6[nH]5)CC4)c3O2)cc1,8.109335899353027
CN(C)C(=O)Cn1c(CN2CCC(c3cccc4c3OC(C)(c3ccc(Cl)cc3F)O4)CC2)nc2ccc(C(=O)O)cc21,7.292429823902063,51.0,3.0,c1ccc(C2Oc3cccc(C4CCN(Cc5nc6ccccc6[nH]5)CC4)c3O2)cc1,8.017059326171875
CN(C)CCn1c(CN2CCC(c3cccc4c3OC(C)(c3ccc(Cl)cc3F)O4)CC2)nc2ccc(C(=O)O)cc21,7.537602002101044,29.0,3.0,c1ccc(C2Oc3cccc(C4CCN(Cc5nc6ccccc6[nH]5)CC4)c3O2)cc1,7.69050407409668
CN(C)S(=O)(=O)CCn1c(CN2CCC(c3cccc4c3OC(C)(c3ccc(Cl)cc3F)O4)CC2)nc2ccc(C(=O)O)cc21,7.376750709602099,42.0,3.0,c1ccc(C2Oc3cccc(C4CCN(Cc5nc6ccccc6[nH]5)CC4)c3O2)cc1,7.715881824493408
CN(CCn1c(CN2CCC(c3cccc4c3OC(C)(c3ccc(Cl)cc3F)O4)CC2)nc2ccc(C(=O)O)cc21)S(C)(=O)=O,8.167491087293763,6.8,4.0,c1ccc(C2Oc3cccc(C4CCN(Cc5nc6ccccc6[nH]5)CC4)c3O2)cc1,7.708924770355225
CNC(=O)Cn1c(CN2CCC(c3cccc4c3OC(C)(c3ccc(Cl)cc3F)O4)CC2)nc2ccc(C(=O)O)cc21,7.494850021680094,32.0,3.0,c1ccc(C2Oc3cccc(C4CCN(Cc5nc6ccccc6[nH]5)CC4)c3O2)cc1,8.023492813110352
COCCn1c(C2CC23CCN(c2cccc4c2OC(C)(c2ccc(Cl)cc2F)O4)CC3)nc2ccc(C(=O)O)cc21,8.113509274827518,7.7,3.0,c1ccc(C2Oc3cccc(N4CCC5(CC4)CC5c4nc5ccccc5[nH]4)c3O2)cc1,8.611532211303711
COCCn1c(CN2CCC(c3cccc4c3OC(C)(c3ccc(C#N)cc3)O4)CC2)nc2ccc(C(=O)O)cc21,8.10790539730952,7.8,3.0,c1ccc(C2Oc3cccc(C4CCN(Cc5nc6ccccc6[nH]5)CC4)c3O2)cc1,7.325816631317139
COCCn1c(CN2CCC(c3cccc4c3OC(C)(c3ccc(C#N)cn3)O4)CC2)nc2ccc(C(=O)O)cc21,7.920818753952375,12.0,5.0,c1ccc(C2Oc3cccc(C4CCN(Cc5nc6ccccc6[nH]5)CC4)c3O2)nc1,7.21579122543335
COCCn1c(CN2CCC(c3cccc4c3OC(C)(c3ccc(C(F)(F)F)cc3)O4)CC2)nc2ccc(C(=O)O)cc21,7.853871964321762,14.0,3.0,c1ccc(C2Oc3cccc(C4CCN(Cc5nc6ccccc6[nH]5)CC4)c3O2)cc1,8.130101203918457
COCCn1c(CN2CCC(c3cccc4c3OC(C)(c3ccc(C)cc3)O4)CC2)nc2ccc(C(=O)O)cc21,8.040958607678906,9.1,3.0,c1ccc(C2Oc3cccc(C4CCN(Cc5nc6ccccc6[nH]5)CC4)c3O2)cc1,6.841352462768555
COCCn1c(CN2CCC(c3cccc4c3OC(C)(c3ccc(C)nc3)O4)CC2)nc2ccc(C(=O)O)cc21,6.920818753952375,120.0,3.0,c1cncc(C2Oc3cccc(C4CCN(Cc5nc6ccccc6[nH]5)CC4)c3O2)c1,6.828064918518066
COCCn1c(CN2CCC(c3cccc4c3OC(C)(c3ccc(Cl)cc3)O4)CC2)nc2ccc(C(=O)O)cc21,8.585026652029182,2.6,3.0,c1ccc(C2Oc3cccc(C4CCN(Cc5nc6ccccc6[nH]5)CC4)c3O2)cc1,7.404284954071045
COCCn1c(CN2CCC(c3cccc4c3OC(C)(c3ccc(Cl)cc3F)O4)CC2)nc2ccc(C(=O)O)cc21,8.853871964321762,1.4,3.0,c1ccc(C2Oc3cccc(C4CCN(Cc5nc6ccccc6[nH]5)CC4)c3O2)cc1,8.143311500549316
COCCn1c(CN2CCC(c3cccc4c3OC(C)(c3ccc(Cl)cc3F)O4)CC2)nc2ncc(C(=O)O)cc21,8.886056647693163,1.3,3.0,c1ccc(C2Oc3cccc(C4CCN(Cc5nc6ncccc6[nH]5)CC4)c3O2)cc1,7.819266319274902
COCCn1c(CN2CCC(c3cccc4c3OC(C)(c3ccc(F)c(F)c3)O4)CC2)nc2ccc(C(=O)O)cc21,7.040958607678906,91.0,3.0,c1ccc(C2Oc3cccc(C4CCN(Cc5nc6ccccc6[nH]5)CC4)c3O2)cc1,7.756992816925049
COCCn1c(CN2CCC(c3cccc4c3OC(C)(c3ccc(F)cc3)O4)CC2)nc2ccc(C(=O)O)cc21,8.0,10.0,3.0,c1ccc(C2Oc3cccc(C4CCN(Cc5nc6ccccc6[nH]5)CC4)c3O2)cc1,7.338788986206055
COCCn1c(CN2CCC(c3cccc4c3OC(C)(c3ccc(OC)c(F)c3)O4)CC2)nc2ccc(C(=O)O)cc21,7.346787486224656,45.0,4.0,c1ccc(C2Oc3cccc(C4CCN(Cc5nc6ccccc6[nH]5)CC4)c3O2)cc1,10.044594764709473
COCCn1c(CN2CCC(c3cccc4c3OC(C)(c3ccc(OC)cc3)O4)CC2)nc2ccc(C(=O)O)cc21,7.7447274948966935,18.0,3.0,c1ccc(C2Oc3cccc(C4CCN(Cc5nc6ccccc6[nH]5)CC4)c3O2)cc1,9.984423637390137
COCCn1c(CN2CCC(c3cccc4c3OC(C)(c3ccc(OC)cc3Cl)O4)CC2)nc2ccc(C(=O)O)cc21,8.468521082957745,3.4,4.0,c1ccc(C2Oc3cccc(C4CCN(Cc5nc6ccccc6[nH]5)CC4)c3O2)cc1,10.495932579040527
COCCn1c(CN2CCC(c3cccc4c3OC(C)(c3ccc(OC)cc3F)O4)CC2)nc2ccc(C(=O)O)cc21,8.18045606445813,6.6,3.0,c1ccc(C2Oc3cccc(C4CCN(Cc5nc6ccccc6[nH]5)CC4)c3O2)cc1,10.652069091796875
COCCn1c(CN2CCC(c3cccc4c3OC(C)(c3cccc(C#N)c3)O4)CC2)nc2ccc(C(=O)O)cc21,6.2441251443275085,570.0,3.0,c1ccc(C2Oc3cccc(C4CCN(Cc5nc6ccccc6[nH]5)CC4)c3O2)cc1,7.375308036804199
COCCn1c(CN2CCC(c3cccc4c3OC(C)(c3cccc(C(F)(F)F)c3)O4)CC2)nc2ccc(C(=O)O)cc21,6.318758762624412,480.0,3.0,c1ccc(C2Oc3cccc(C4CCN(Cc5nc6ccccc6[nH]5)CC4)c3O2)cc1,8.251810073852539
COCCn1c(CN2CCC(c3cccc4c3OC(C)(c3cccc(C)c3)O4)CC2)nc2ccc(C(=O)O)cc21,6.638272163982407,230.0,3.0,c1ccc(C2Oc3cccc(C4CCN(Cc5nc6ccccc6[nH]5)CC4)c3O2)cc1,6.85969352722168
COCCn1c(CN2CCC(c3cccc4c3OC(C)(c3cccc(C)n3)O4)CC2)nc2ccc(C(=O)O)cc21,6.119186407719209,760.0,3.0,c1ccc(C2Oc3cccc(C4CCN(Cc5nc6ccccc6[nH]5)CC4)c3O2)nc1,6.730733394622803
COCCn1c(CN2CCC(c3cccc4c3OC(C)(c3cccc(F)c3)O4)CC2)nc2ccc(C(=O)O)cc21,6.721246399047171,190.0,3.0,c1ccc(C2Oc3cccc(C4CCN(Cc5nc6ccccc6[nH]5)CC4)c3O2)cc1,7.429264068603516
COCCn1c(CN2CCC(c3cccc4c3OC(C)(c3cccc(OC)c3)O4)CC2)nc2ccc(C(=O)O)cc21,6.698970004336019,200.0,3.0,c1ccc(C2Oc3cccc(C4CCN(Cc5nc6ccccc6[nH]5)CC4)c3O2)cc1,10.074251174926758
COCCn1c(CN2CCC(c3cccc4c3OC(C)(c3ccccc3)O4)CC2)nc2ccc(C(=O)O)cc21,7.327902142064282,47.0,3.0,c1ccc(C2Oc3cccc(C4CCN(Cc5nc6ccccc6[nH]5)CC4)c3O2)cc1,6.826438903808594
COCCn1c(CN2CCC(c3cccc4c3OC(C)(c3ccccc3C)O4)CC2)nc2ccc(C(=O)O)cc21,7.769551078621726,17.0,3.0,c1ccc(C2Oc3cccc(C4CCN(Cc5nc6ccccc6[nH]5)CC4)c3O2)cc1,6.857149124145508
COCCn1c(CN2CCC(c3cccc4c3OC(C)(c3ccccc3Cl)O4)CC2)nc2ccc(C(=O)O)cc21,7.619788758288394,24.0,3.0,c1ccc(C2Oc3cccc(C4CCN(Cc5nc6ccccc6[nH]5)CC4)c3O2)cc1,7.522298812866211
COCCn1c(CN2CCC(c3cccc4c3OC(C)(c3ccccc3OC)O4)CC2)nc2ccc(C(=O)O)cc21,7.0915149811213505,81.0,3.0,c1ccc(C2Oc3cccc(C4CCN(Cc5nc6ccccc6[nH]5)CC4)c3O2)cc1,9.972110748291016
COCCn1c(CN2CCC(c3cccc4c3OC(C)(c3ccccn3)O4)CC2)nc2ccc(C(=O)O)cc21,6.886056647693163,130.0,3.0,c1ccc(C2Oc3cccc(C4CCN(Cc5nc6ccccc6[nH]5)CC4)c3O2)nc1,6.742790699005127
COCCn1c(CN2CCC(c3cccc4c3OC(C)(c3cccnc3)O4)CC2)nc2ccc(C(=O)O)cc21,6.537602002101044,290.0,3.0,c1cncc(C2Oc3cccc(C4CCN(Cc5nc6ccccc6[nH]5)CC4)c3O2)c1,6.892983913421631
COCCn1c(CN2CCC(c3cccc4c3OC(CO)(c3ccccc3)O4)CC2)nc2ccc(C(=O)O)cc21,6.221848749616356,600.0,4.0,c1ccc(C2Oc3cccc(C4CCN(Cc5nc6ccccc6[nH]5)CC4)c3O2)cc1,7.558140277862549
COCCn1c(CN2CCC(c3cccc4c3OC(c3ccc(C#N)cc3F)O4)CC2)nc2ccc(C(=O)O)cc21,7.214670164989233,61.0,3.0,c1ccc(C2Oc3cccc(C4CCN(Cc5nc6ccccc6[nH]5)CC4)c3O2)cc1,7.7435102462768555
COCCn1c(CN2CCC(c3cccc4c3OC(c3ccc(Cl)cc3F)O4)CC2)nc2ccc(C(=O)O)cc21,7.769551078621726,17.0,3.0,c1ccc(C2Oc3cccc(C4CCN(Cc5nc6ccccc6[nH]5)CC4)c3O2)cc1,7.969944000244141
COCCn1c(CN2CCN(c3cccc4c3OC(C)(c3ccc(Cl)cc3F)O4)CC2)nc2ccc(C(=O)O)cc21,8.920818753952375,1.2,3.0,c1ccc(C2Oc3cccc(N4CCN(Cc5nc6ccccc6[nH]5)CC4)c3O2)cc1,7.6353373527526855
COCCn1c(CN2CCN(c3cccc4c3OC(c3ccccc3)O4)CC2)nc2ccc(C(=O)O)cc21,6.167491087293763,680.0,3.0,c1ccc(C2Oc3cccc(N4CCN(Cc5nc6ccccc6[nH]5)CC4)c3O2)cc1,6.4823737144470215
COCCn1cnnc1Cn1c(CN2CCC(c3cccc4c3OC(C)(c3ccc(Cl)cc3F)O4)CC2)nc2ccc(C(=O)O)cc21,8.55284196865778,2.8,4.0,c1ccc(C2Oc3cccc(C4CCN(Cc5nc6ccccc6n5Cc5nnc[nH]5)CC4)c3O2)cc1,7.782742500305176
COCc1cc(Cn2c(CN3CCC(c4cccc5c4OC(C)(c4ccc(Cl)cc4F)O5)CC3)nc3ccc(C(=O)O)cc32)[nH]n1,7.136677139879544,73.0,3.0,c1ccc(C2Oc3cccc(C4CCN(Cc5nc6ccccc6n5Cc5ccn[nH]5)CC4)c3O2)cc1,8.054816246032715
C[C@@]1(c2ccc(Cl)cc2F)Oc2cccc(C3CCN(Cc4nc5ccc(C(=O)O)cc5n4C[C@@H]4CCO4)CC3)c2O1,6.853871964321762,140.0,7.0,c1ccc(C2Oc3cccc(C4CCN(Cc5nc6ccccc6n5C[C@@H]5CCO5)CC4)c3O2)cc1,7.814311504364014
C[C@]1(c2ccc(Cl)cc2F)Oc2cccc(C3CCN(Cc4nc5ccc(C(=O)O)cc5n4C[C@@H]4CCO4)CC3)c2O1,9.585026652029182,0.26,3.0,c1ccc(C2Oc3cccc(C4CCN(Cc5nc6ccccc6n5C[C@@H]5CCO5)CC4)c3O2)cc1,7.814311504364014
Cc1nccn1CCn1c(CN2CCC(c3cccc4c3OC(C)(c3ccc(Cl)cc3F)O4)CC2)nc2ccc(C(=O)O)cc21,8.657577319177793,2.2,3.0,c1ccc(C2Oc3cccc(C4CCN(Cc5nc6ccccc6n5CCn5ccnc5)CC4)c3O2)cc1,7.595780849456787
Cn1c(CN2CCC(c3cccc4c3O[C@@](C)(c3ccc(Cl)cc3F)O4)CC2)nc2ccc(C(=O)O)cc21,8.154901959985743,7.0,6.0,c1ccc(C2Oc3cccc(C4CCN(Cc5nc6ccccc6[nH]5)CC4)c3O2)cc1,8.228598594665527
Cn1cc(CCn2c(CN3CCC(c4cccc5c4OC(C)(c4ccc(Cl)cc4F)O5)CC3)nc3ccc(C(=O)O)cc32)nn1,7.823908740944319,15.0,3.0,c1ccc(C2Oc3cccc(C4CCN(Cc5nc6ccccc6n5CCc5c[nH]nn5)CC4)c3O2)cc1,8.291326522827148
Cn1cc(Cn2c(CN3CCC(c4cccc5c4OC(C)(c4ccc(Cl)cc4F)O5)CC3)nc3ccc(C(=O)O)cc32)nn1,8.2839966563652,5.2,3.0,c1ccc(C2Oc3cccc(C4CCN(Cc5nc6ccccc6n5Cc5c[nH]nn5)CC4)c3O2)cc1,7.698881149291992
Cn1cnc(CCn2c(CN3CCC(c4cccc5c4OC(C)(c4ccc(Cl)cc4F)O5)CC3)nc3ccc(C(=O)O)cc32)c1,7.130768280269024,74.0,3.0,c1ccc(C2Oc3cccc(C4CCN(Cc5nc6ccccc6n5CCc5c[nH]cn5)CC4)c3O2)cc1,7.737137317657471
Cn1cnc(Cn2c(CN3CCC(c4cccc5c4OC(C)(c4ccc(Cl)cc4F)O5)CC3)nc3ccc(C(=O)O)cc32)c1,7.275724130399211,53.0,3.0,c1ccc(C2Oc3cccc(C4CCN(Cc5nc6ccccc6n5Cc5c[nH]cn5)CC4)c3O2)cc1,7.9077630043029785
O=C(O)c1ccc2nc(CN3CCC(c4cccc5c4O[C@@H](c4ccc(Cl)cc4F)O5)CC3)n(C[C@@H]3CCO3)c2c1,8.886056647693163,1.3,6.0,c1ccc([C@H]2Oc3cccc(C4CCN(Cc5nc6ccccc6n5C[C@@H]5CCO5)CC4)c3O2)cc1,7.180891036987305
O=C(O)c1ccc2nc(CN3CCC(c4cccc5c4O[C@H](c4ccc(Cl)cc4F)O5)CC3)n(C[C@@H]3CCO3)c2c1,5.795880017344075,1600.0,3.0,c1ccc([C@@H]2Oc3cccc(C4CCN(Cc5nc6ccccc6n5C[C@@H]5CCO5)CC4)c3O2)cc1,8.354571342468262
