Molecular_formula,SMILES,Assay_1_EC50_nM,Assay_1_Emax_pct,Assay_1_Number,Assay_2_EC50_nM,Assay_2_Emax_pct,Assay_2_Number,Salt_note,Source,canonical_smiles,ec50_nM,pEC50
C29H28ClFN4O5,COCCn1c(CN2CCN(c3cccc4c3OC(c3ccc(Cl)cc3F)O4)CC2)nc2ccc(C(=O)O)cc21,880,99.0,3.0,>20000,,1.0,,https://patents.google.com/patent/WO2019239319A1/en,COCCn1c(CN2CCN(c3cccc4c3OC(c3ccc(Cl)cc3F)O4)CC2)nc2ccc(C(=O)O)cc21,880.0,6.055517327849831
C29H28ClFN4O5,COCCn1c(CN2CCN(c3cccc4c3OC(c3ccc(Cl)cc3F)O4)CC2)nc2ccc(C(=O)O)cc21,6.6,81.0,5.0,260,100.0,4.0,Tested as ammonium and trifluoroacetate salts,https://patents.google.com/patent/WO2019239319A1/en,COCCn1c(CN2CCN(c3cccc4c3OC(c3ccc(Cl)cc3F)O4)CC2)nc2ccc(C(=O)O)cc21,6.6,8.18045606445813
C33H31FN4O5,CC1(c2ccc(C#N)cc2F)Oc2cccc(C3CCN(Cc4nc5ccc(C(=O)O)cc5n4C[C@@H]4CCO4)CC3)c2O1,0.30,92.0,6.0,3.6,91.0,6.0,Tested as ammonium salt and free acid,https://patents.google.com/patent/WO2019239319A1/en,CC1(c2ccc(C#N)cc2F)Oc2cccc(C3CCN(Cc4nc5ccc(C(=O)O)cc5n4C[C@@H]4CCO4)CC3)c2O1,0.3,9.522878745280337
C33H31FN4O5,CC1(c2ccc(C#N)cc2F)Oc2cccc(C3CCN(Cc4nc5ccc(C(=O)O)cc5n4C[C@@H]4CCO4)CC3)c2O1,73,88.0,9.0,1600,90.0,4.0,Tested as ammonium salt and free acid,https://patents.google.com/patent/WO2019239319A1/en,CC1(c2ccc(C#N)cc2F)Oc2cccc(C3CCN(Cc4nc5ccc(C(=O)O)cc5n4C[C@@H]4CCO4)CC3)c2O1,73.0,7.136677139879544
C31H31ClN4O5,CC1(c2ccc(Cl)cn2)Oc2cccc(C3CCN(Cc4nc5ccc(C(=O)O)cc5n4C[C@@H]4CCO4)CC3)c2O1,0.96,99.0,5.0,17,96.0,8.0,Tested as formate salt and free acid,https://patents.google.com/patent/WO2019239319A1/en,CC1(c2ccc(Cl)cn2)Oc2cccc(C3CCN(Cc4nc5ccc(C(=O)O)cc5n4C[C@@H]4CCO4)CC3)c2O1,0.96,9.017728766960431
C34H33ClFN5O4,CCn1cncc1Cn1c(CN2CCC(c3cccc4c3OC(C)(c3ccc(Cl)cc3F)O4)CC2)nc2ccc(C(=O)O)cc21,0.079,97.0,3.0,1.1,96.0,4.0,,https://patents.google.com/patent/WO2019239319A1/en,CCn1cncc1Cn1c(CN2CCC(c3cccc4c3OC(C)(c3ccc(Cl)cc3F)O4)CC2)nc2ccc(C(=O)O)cc21,0.079,10.102372908709558
C34H33ClFN5O4,CCn1cncc1Cn1c(CN2CCC(c3cccc4c3OC(C)(c3ccc(Cl)cc3F)O4)CC2)nc2ccc(C(=O)O)cc21,210,97.0,3.0,1000,87.0,3.0,,https://patents.google.com/patent/WO2019239319A1/en,CCn1cncc1Cn1c(CN2CCC(c3cccc4c3OC(C)(c3ccc(Cl)cc3F)O4)CC2)nc2ccc(C(=O)O)cc21,210.0,6.6777807052660805
C32H30ClFN6O4,Cn1cnnc1Cn1c(CN2CCC(c3cccc4c3OC(C)(c3ccc(Cl)cc3F)O4)CC2)nc2ccc(C(=O)O)cc21,15,86.0,3.0,500,98.0,3.0,,https://patents.google.com/patent/WO2019239319A1/en,Cn1cnnc1Cn1c(CN2CCC(c3cccc4c3OC(C)(c3ccc(Cl)cc3F)O4)CC2)nc2ccc(C(=O)O)cc21,15.0,7.823908740944319
C32H30ClFN6O4,Cn1cnnc1Cn1c(CN2CCC(c3cccc4c3OC(C)(c3ccc(Cl)cc3F)O4)CC2)nc2ccc(C(=O)O)cc21,4.5,89.0,4.0,78,100.0,3.0,,https://patents.google.com/patent/WO2019239319A1/en,Cn1cnnc1Cn1c(CN2CCC(c3cccc4c3OC(C)(c3ccc(Cl)cc3F)O4)CC2)nc2ccc(C(=O)O)cc21,4.5,8.346787486224656
C30H31ClN4O5,COCCn1c(CN2CCC(c3cccc4c3OC(C)(c3ccc(Cl)cn3)O4)CC2)nc2ccc(C(=O)O)cc21,14000,100.0,3.0,>20000,,1.0,,https://patents.google.com/patent/WO2019239319A1/en,COCCn1c(CN2CCC(c3cccc4c3OC(C)(c3ccc(Cl)cn3)O4)CC2)nc2ccc(C(=O)O)cc21,14000.0,4.853871964321762
C30H31ClN4O5,COCCn1c(CN2CCC(c3cccc4c3OC(C)(c3ccc(Cl)cn3)O4)CC2)nc2ccc(C(=O)O)cc21,4.2,90.0,5.0,72,83.0,3.0,,https://patents.google.com/patent/WO2019239319A1/en,COCCn1c(CN2CCC(c3cccc4c3OC(C)(c3ccc(Cl)cn3)O4)CC2)nc2ccc(C(=O)O)cc21,4.2,8.3767507096021
C31H31ClN4O5,CC1(c2ccc(Cl)cn2)Oc2cccc(C3CCN(Cc4nc5ccc(C(=O)O)cc5n4C[C@@H]4CCO4)CC3)c2O1,220,77.0,3.0,>13000,,5.0,Tested as formate salt and free acid,https://patents.google.com/patent/WO2019239319A1/en,CC1(c2ccc(Cl)cn2)Oc2cccc(C3CCN(Cc4nc5ccc(C(=O)O)cc5n4C[C@@H]4CCO4)CC3)c2O1,220.0,6.657577319177793
C32H30ClF2N3O5,CC1(c2ccc(Cl)cc2F)Oc2c(F)ccc(C3CCN(Cc4nc5ccc(C(=O)O)cc5n4C[C@@H]4CCO4)CC3)c2O1,1.1,85.0,3.0,11,93.0,4.0,,https://patents.google.com/patent/WO2019239319A1/en,CC1(c2ccc(Cl)cc2F)Oc2c(F)ccc(C3CCN(Cc4nc5ccc(C(=O)O)cc5n4C[C@@H]4CCO4)CC3)c2O1,1.1,8.958607314841775
C32H30ClF2N3O5,CC1(c2ccc(Cl)cc2F)Oc2c(F)ccc(C3CCN(Cc4nc5ccc(C(=O)O)cc5n4C[C@@H]4CCO4)CC3)c2O1,14,86.0,3.0,140,93.0,4.0,,https://patents.google.com/patent/WO2019239319A1/en,CC1(c2ccc(Cl)cc2F)Oc2c(F)ccc(C3CCN(Cc4nc5ccc(C(=O)O)cc5n4C[C@@H]4CCO4)CC3)c2O1,14.0,7.853871964321762
C33H28FN5O5,CC1(c2ccc(C#N)cc2F)Oc2cccc(C3CCN(Cc4nc5ccc(C(=O)O)cc5n4Cc4ncco4)CC3)c2O1,50,97.0,3.0,440,95.0,3.0,,https://patents.google.com/patent/WO2019239319A1/en,CC1(c2ccc(C#N)cc2F)Oc2cccc(C3CCN(Cc4nc5ccc(C(=O)O)cc5n4Cc4ncco4)CC3)c2O1,50.0,7.301029995663981
C33H28FN5O5,CC1(c2ccc(C#N)cc2F)Oc2cccc(C3CCN(Cc4nc5ccc(C(=O)O)cc5n4Cc4ncco4)CC3)c2O1,2.8,99.0,4.0,5.4,91.0,2.0,,https://patents.google.com/patent/WO2019239319A1/en,CC1(c2ccc(C#N)cc2F)Oc2cccc(C3CCN(Cc4nc5ccc(C(=O)O)cc5n4Cc4ncco4)CC3)c2O1,2.8,8.55284196865778
