epoch,train_loss,val_loss,fold
1,1.2575237281144331,4.571441815334347,1
2,1.0873031813534189,3.9025966242053056,1
3,0.9497516399057858,3.3633287006005976,1
4,0.8444460025508183,2.9215512295085326,1
5,0.7614758304340228,2.552221974965137,1
6,0.6974059885561531,2.3109903481407748,1
7,0.6472147600796849,2.106329694536803,1
8,0.6083143679480565,1.9534779777068945,1
9,0.5775636204185667,1.859510041523887,1
10,0.5523054746459499,1.8277156434059725,1
11,0.530613581826244,1.8369290120073352,1
12,0.5123852887585473,1.8501939274352626,1
13,0.4965599574417454,1.9066658846339042,1
14,0.4820665107813367,1.9904690292010352,1
15,0.4692731925654482,2.065563248926633,1
16,0.45686584712368455,2.188612615950116,1
17,0.4451184238200491,2.34401083175922,1
18,0.4341674867982796,2.5121508614372843,1
19,0.4242780288470351,2.696521683331013,1
20,0.4161914536835348,2.8376936937450283,1
1,0.6430348044170605,1.5165518902372754,2
2,0.551731110580587,1.4386280134020082,2
3,0.48797337960987675,1.427667169239784,2
4,0.4370335283818331,1.4539881303954758,2
5,0.3995509605572505,1.4873905490371384,2
6,0.3710712355812497,1.5386353816031635,2
7,0.34907479191416474,1.5736621243659705,2
8,0.33137683400157186,1.6068691918691191,2
9,0.31690892284074346,1.5896351964667255,2
10,0.3059507115968251,1.5462942104587987,2
11,0.29863858759542666,1.536158965023092,2
12,0.2916946689958556,1.5519402436870797,2
13,0.28433994339107904,1.5547783186375594,2
14,0.2772187198300798,1.5569266276103777,2
15,0.27152770441195057,1.5518266702013366,2
16,0.26879273883664107,1.5474508021504598,2
17,0.2654231768500479,1.570067086921113,2
18,0.2628603929032911,1.5726181295698292,2
19,0.2594295700577407,1.5986521202656478,2
20,0.25595224878767536,1.6050649251049187,2
1,0.6927519586610467,0.7524767816659202,3
2,0.6225651156813929,0.7127534363250763,3
3,0.5650397069045829,0.6989689277061731,3
4,0.5220981748855474,0.6712810111094117,3
5,0.4873317914588534,0.6609091935353892,3
6,0.458759092635776,0.6597403779176768,3
7,0.43729009570869964,0.6669894814239331,3
8,0.42242136763921206,0.6633005975750867,3
9,0.40919210560785263,0.6578936818652337,3
10,0.39594462007614983,0.6510703826660064,3
11,0.37859988974316333,0.6506040337603047,3
12,0.36317912520350215,0.6592628129069943,3
13,0.35061239216334084,0.6693855156182055,3
14,0.3416325106798082,0.6820547773201957,3
15,0.33439014583562066,0.6811373281471865,3
16,0.3309577080661747,0.6755380979904007,3
17,0.3280547893804754,0.6856576048155397,3
18,0.3254957958243425,0.7018775272588093,3
19,0.3207678397304821,0.7209175346944262,3
20,0.3139400414185274,0.7374599580172491,3
1,0.6974513304777231,1.1987215104880695,4
2,0.5890976730596513,1.0121043235373846,4
3,0.5217318551644896,0.8390695539488675,4
4,0.47874386056061,0.7356428933338723,4
5,0.45428889046074133,0.6596035863692884,4
6,0.4364076952282442,0.6159109334753162,4
7,0.42249134820145795,0.5846041370165529,4
8,0.4113353625247667,0.5679086679895953,4
9,0.40029217524452965,0.5680234443628316,4
10,0.3884618783576983,0.5835325115202351,4
11,0.3760515471107541,0.615138015986263,4
12,0.3677231698512878,0.6710249363235993,4
13,0.36215386638136965,0.7090262514809973,4
14,0.3552994925669399,0.7421027598324418,4
15,0.3481634822059554,0.7493589940614946,4
16,0.3431555234443495,0.7525832912791749,4
17,0.338658276981112,0.7701715928505766,4
18,0.3329073617462863,0.7779153867939733,4
19,0.32739581832022463,0.7669044501421347,4
20,0.3234269519561057,0.7614839648601438,4
1,0.8036364266500158,0.8116657798463262,5
2,0.6883116872088761,0.696420581846772,5
3,0.6129063612796591,0.6040673604107187,5
4,0.5644652152611886,0.5377268610132042,5
5,0.5262281301151361,0.5038164478471847,5
6,0.4926548470881101,0.49480450799994313,5
7,0.461346981255927,0.5250499712498791,5
8,0.4349752785964719,0.5609098342712567,5
9,0.41234886622369016,0.60067807612501,5
10,0.3929416173391974,0.6456700719126963,5
11,0.37654140219883914,0.6838522451096523,5
12,0.36194028884623397,0.7138785197898896,5
13,0.3506963663261567,0.7521429894013603,5
14,0.3400175307882542,0.8015970303634468,5
15,0.33051166772615276,0.8515184262569762,5
16,0.31883362295429435,0.9714019801522132,5
17,0.3090553420309906,1.1295342306912677,5
18,0.3028320006557291,1.232148030707107,5
19,0.29675859188636766,1.297127991803569,5
20,0.2899833423581508,1.3527064186185913,5
