Molecular_formula,SMILES,Assay_1_EC50_nM,Assay_1_Emax_pct,Assay_1_Number,Assay_2_EC50_nM,Assay_2_Emax_pct,Assay_2_Number,Salt_note,Source
C29H28ClFN4O5,COCCn1c(CN2CCN(c3cccc4c3OC(c3ccc(Cl)cc3F)O4)CC2)nc2ccc(C(=O)O)cc21,880,99,3,>20000,,1,,https://patents.google.com/patent/WO2019239319A1/en
C29H28ClFN4O5,COCCn1c(CN2CCN(c3cccc4c3OC(c3ccc(Cl)cc3F)O4)CC2)nc2ccc(C(=O)O)cc21,6.6,81,5,260,100,4,Tested as ammonium and trifluoroacetate salts,https://patents.google.com/patent/WO2019239319A1/en
C30H30ClFN4O5,COCCn1c(CN2CCC(c3cccc4c3OC(C)(c3ccc(Cl)cc3F)O4)CC2)nc2ncc(C(=O)O)cc21,1.3,94,3,45,120,3,,https://patents.google.com/patent/WO2019239319A1/en
C31H29ClFN3O5,O=C(O)c1ccc2nc(CN3CCC(c4cccc5c4O[C@H](c4ccc(Cl)cc4F)O5)CC3)n(C[C@@H]3CCO3)c2c1,1600,87,3,>20000,,1,,https://patents.google.com/patent/WO2019239319A1/en
C31H29ClFN3O5,O=C(O)c1ccc2nc(CN3CCC(c4cccc5c4O[C@@H](c4ccc(Cl)cc4F)O5)CC3)n(C[C@@H]3CCO3)c2c1,1.3,89,6,23,97,7,"Tested as ammonium and 1,3-dihydroxy-2-(hydroxymethyl)propan-2-aminium (Tris) salts, and free acid",https://patents.google.com/patent/WO2019239319A1/en
C32H31ClFN3O5,C[C@@]1(c2ccc(Cl)cc2F)Oc2cccc(C3CCN(Cc4nc5ccc(C(=O)O)cc5n4C[C@@H]4CCO4)CC3)c2O1,140,89,7,2400,89,5,,https://patents.google.com/patent/WO2019239319A1/en
C32H31ClFN3O5,C[C@]1(c2ccc(Cl)cc2F)Oc2cccc(C3CCN(Cc4nc5ccc(C(=O)O)cc5n4C[C@@H]4CCO4)CC3)c2O1,0.26,98,3,3.1,93,12,"Tested as ammonium and 1,3-dihydroxy-2-(hydroxymethyl)propan-2-aminium (Tris) salts, and free acid",https://patents.google.com/patent/WO2019239319A1/en
C33H31FN4O5,CC1(c2ccc(C#N)cc2F)Oc2cccc(C3CCN(Cc4nc5ccc(C(=O)O)cc5n4C[C@@H]4CCO4)CC3)c2O1,0.30,92,6,3.6,91,6,Tested as ammonium salt and free acid,https://patents.google.com/patent/WO2019239319A1/en
C33H31FN4O5,CC1(c2ccc(C#N)cc2F)Oc2cccc(C3CCN(Cc4nc5ccc(C(=O)O)cc5n4C[C@@H]4CCO4)CC3)c2O1,73,88,9,1600,90,4,Tested as ammonium salt and free acid,https://patents.google.com/patent/WO2019239319A1/en
C31H31ClN4O5,CC1(c2ccc(Cl)cn2)Oc2cccc(C3CCN(Cc4nc5ccc(C(=O)O)cc5n4C[C@@H]4CCO4)CC3)c2O1,0.96,99,5,17,96,8,Tested as formate salt and free acid,https://patents.google.com/patent/WO2019239319A1/en
C31H31ClFN3O5,COCCn1c(CN2CCC(c3cccc4c3OC(C)(c3cccnc3)O4)CC2)nc2ccc(C(=O)O)cc21,290,78,3,,,,,https://patents.google.com/patent/WO2019239319A1/en
C32H34ClFN4O4,CN(C)CCn1c(CN2CCC(c3cccc4c3OC(C)(c3ccc(Cl)cc3F)O4)CC2)nc2ccc(C(=O)O)cc21,29,83,3,690,92,3,,https://patents.google.com/patent/WO2019239319A1/en
C31H27ClFN5O5,CC1(c2ccc(Cl)cc2F)Oc2cccc(C3CCN(Cc4nc5ccc(C(=O)O)nc5n4Cc4ncco4)CC3)c2O1,4.5,95,3,38,110,3,,https://patents.google.com/patent/WO2019239319A1/en
C29H27ClFN3O4,Cn1c(CN2CCC(c3cccc4c3O[C@@](C)(c3ccc(Cl)cc3F)O4)CC2)nc2ccc(C(=O)O)cc21,7,95,6,79,85,5,,https://patents.google.com/patent/WO2019239319A1/en
C32H31ClFN3O5,COCCn1c(C2CC23CCN(c2cccc4c2OC(C)(c2ccc(Cl)cc2F)O4)CC3)nc2ccc(C(=O)O)cc21,>18000,100,3,>20000,,1,,https://patents.google.com/patent/WO2019239319A1/en
C32H31ClFN3O5,COCCn1c(C2CC23CCN(c2cccc4c2OC(C)(c2ccc(Cl)cc2F)O4)CC3)nc2ccc(C(=O)O)cc21,7.7,90,3,120,64,3,,https://patents.google.com/patent/WO2019239319A1/en
C34H33ClFN5O4,CCn1cncc1Cn1c(CN2CCC(c3cccc4c3OC(C)(c3ccc(Cl)cc3F)O4)CC2)nc2ccc(C(=O)O)cc21,0.079,97,3,1.1,96,4,,https://patents.google.com/patent/WO2019239319A1/en
C34H33ClFN5O4,CCn1cncc1Cn1c(CN2CCC(c3cccc4c3OC(C)(c3ccc(Cl)cc3F)O4)CC2)nc2ccc(C(=O)O)cc21,210,97,3,1000,87,3,,https://patents.google.com/patent/WO2019239319A1/en
C30H30ClFN4O5,COCCn1c(CN2CCN(c3cccc4c3OC(C)(c3ccc(Cl)cc3F)O4)CC2)nc2ccc(C(=O)O)cc21,1.2,87,3,25,100,3,,https://patents.google.com/patent/WO2019239319A1/en
C30H29ClFN3O5,COCCn1c(CN2CCC(c3cccc4c3OC(c3ccc(Cl)cc3F)O4)CC2)nc2ccc(C(=O)O)cc21,17,85,3,270,100,3,,https://patents.google.com/patent/WO2019239319A1/en
C30H29ClFN3O5,COCCn1c(CN2CCC(c3cccc4c3OC(c3ccc(Cl)cc3F)O4)CC2)nc2ccc(C(=O)O)cc21,>20000,,1,>20000,,1,,https://patents.google.com/patent/WO2019239319A1/en
C29H30N4O5,COCCn1c(CN2CCN(c3cccc4c3OC(c3ccccc3)O4)CC2)nc2ccc(C(=O)O)cc21,>20000,,1,,,,,https://patents.google.com/patent/WO2019239319A1/en
C29H30N4O5,COCCn1c(CN2CCN(c3cccc4c3OC(c3ccccc3)O4)CC2)nc2ccc(C(=O)O)cc21,680,76,3,,,,,https://patents.google.com/patent/WO2019239319A1/en
C31H31ClFN3O5,COCCn1c(CN2CCC(c3cccc4c3OC(C)(c3ccc(Cl)cc3F)O4)CC2)nc2ccc(C(=O)O)cc21,1.4,82,3,49,110,3,,https://patents.google.com/patent/WO2019239319A1/en
C32H31ClFN3O5,COCCn1c(C2CC23CCN(c2cccc4c2OC(C)(c2ccc(Cl)cc2F)O4)CC3)nc2ccc(C(=O)O)cc21,>20000,,1,>20000,,1,,https://patents.google.com/patent/WO2019239319A1/en
C32H31ClFN3O5,COCCn1c(C2CC23CCN(c2cccc4c2OC(C)(c2ccc(Cl)cc2F)O4)CC3)nc2ccc(C(=O)O)cc21,>20000,,1,>20000,,1,,https://patents.google.com/patent/WO2019239319A1/en
C31H29FN4O5,COCCn1c(CN2CCC(c3cccc4c3OC(c3ccc(C#N)cc3F)O4)CC2)nc2ccc(C(=O)O)cc21,61,98,3,1000,100,3,,https://patents.google.com/patent/WO2019239319A1/en
C32H32F3N3O5,COCCn1c(CN2CCC(c3cccc4c3OC(C)(c3cccc(C(F)(F)F)c3)O4)CC2)nc2ccc(C(=O)O)cc21,480,87,3,,,,,https://patents.google.com/patent/WO2019239319A1/en
C33H37N3O5,CCc1ccc(C2(C)Oc3cccc(C4CCN(Cc5nc6ccc(C(=O)O)cc6n5CCOC)CC4)c3O2)cc1,5.3,87,4,150,93,3,,https://patents.google.com/patent/WO2019239319A1/en
C32H34FN3O6,COCCn1c(CN2CCC(c3cccc4c3OC(C)(c3ccc(OC)c(F)c3)O4)CC2)nc2ccc(C(=O)O)cc21,45,86,4,1100,77,4,,https://patents.google.com/patent/WO2019239319A1/en
C31H32FN3O5,COCCn1c(CN2CCC(c3cccc4c3OC(C)(c3cccc(F)c3)O4)CC2)nc2ccc(C(=O)O)cc21,190,88,3,1900,65,3,,https://patents.google.com/patent/WO2019239319A1/en
C32H35N3O6,COCCn1c(CN2CCC(c3cccc4c3OC(C)(c3ccc(OC)cc3)O4)CC2)nc2ccc(C(=O)O)cc21,18,86,3,450,87,3,,https://patents.google.com/patent/WO2019239319A1/en
C31H32ClN3O5,COCCn1c(CN2CCC(c3cccc4c3OC(C)(c3ccc(Cl)cc3)O4)CC2)nc2ccc(C(=O)O)cc21,2.6,85,3,100,86,3,,https://patents.google.com/patent/WO2019239319A1/en
C32H32N4O5,COCCn1c(CN2CCC(c3cccc4c3OC(C)(c3ccc(C#N)cc3)O4)CC2)nc2ccc(C(=O)O)cc21,7.8,98,3,110,88,3,,https://patents.google.com/patent/WO2019239319A1/en
C32H34FN3O6,COCCn1c(CN2CCC(c3cccc4c3OC(C)(c3ccc(OC)cc3F)O4)CC2)nc2ccc(C(=O)O)cc21,6.6,86,3,170,89,3,,https://patents.google.com/patent/WO2019239319A1/en
C31H34N4O5,COCCn1c(CN2CCC(c3cccc4c3OC(C)(c3cccc(C)n3)O4)CC2)nc2ccc(C(=O)O)cc21,760,85,3,,,,,https://patents.google.com/patent/WO2019239319A1/en
C32H35N3O6,COCCn1c(CN2CCC(c3cccc4c3OC(C)(c3ccccc3OC)O4)CC2)nc2ccc(C(=O)O)cc21,81,100,3,1000,83,3,,https://patents.google.com/patent/WO2019239319A1/en
C31H32FN3O5,COCCn1c(CN2CCC(c3cccc4c3OC(C)(c3ccc(F)cc3)O4)CC2)nc2ccc(C(=O)O)cc21,10,87,3,240,73,3,,https://patents.google.com/patent/WO2019239319A1/en
C32H35N3O6,COCCn1c(CN2CCC(c3cccc4c3OC(C)(c3cccc(OC)c3)O4)CC2)nc2ccc(C(=O)O)cc21,200,83,3,,,,,https://patents.google.com/patent/WO2019239319A1/en
C32H32F3N3O5,COCCn1c(CN2CCC(c3cccc4c3OC(C)(c3ccc(C(F)(F)F)cc3)O4)CC2)nc2ccc(C(=O)O)cc21,14,88,3,130,73,3,,https://patents.google.com/patent/WO2019239319A1/en
C31H31F2N3O5,COCCn1c(CN2CCC(c3cccc4c3OC(C)(c3ccc(F)c(F)c3)O4)CC2)nc2ccc(C(=O)O)cc21,91,78,3,2000,74,2,,https://patents.google.com/patent/WO2019239319A1/en
C31H34N4O5,COCCn1c(CN2CCC(c3cccc4c3OC(C)(c3ccc(C)nc3)O4)CC2)nc2ccc(C(=O)O)cc21,120,93,3,1700,83,3,,https://patents.google.com/patent/WO2019239319A1/en
C33H34ClFN4O5,CC(=O)N(C)CCn1c(CN2CCC(c3cccc4c3OC(C)(c3ccc(Cl)cc3F)O4)CC2)nc2ccc(C(=O)O)cc21,3.5,88,4,65,86,3,,https://patents.google.com/patent/WO2019239319A1/en
C34H36ClFN4O5,CC1(c2ccc(Cl)cc2F)Oc2cccc(C3CCN(Cc4nc5ccc(C(=O)O)cc5n4CCN4CCOCC4)CC3)c2O1,160,78,4,,,,,https://patents.google.com/patent/WO2019239319A1/en
C34H30ClFN4O4,CC1(c2ccc(Cl)cc2F)Oc2cccc(C3CCN(Cc4nc5ccc(C(=O)O)cc5n4Cc4ccccn4)CC3)c2O1,9.9,81,3,220,79,3,,https://patents.google.com/patent/WO2019239319A1/en
C33H32ClFN4O6,CC1(c2ccc(Cl)cc2F)Oc2cccc(C3CCN(Cc4nc5ccc(C(=O)O)cc5n4CCN4CCOC4=O)CC3)c2O1,5.2,95,4,57,96,3,,https://patents.google.com/patent/WO2019239319A1/en
C32H34ClFN4O6S,CN(C)S(=O)(=O)CCn1c(CN2CCC(c3cccc4c3OC(C)(c3ccc(Cl)cc3F)O4)CC2)nc2ccc(C(=O)O)cc21,42,75,3,1400,76,4,,https://patents.google.com/patent/WO2019239319A1/en
C34H34ClFN4O5,CC1(c2ccc(Cl)cc2F)Oc2cccc(C3CCN(Cc4nc5ccc(C(=O)O)cc5n4CCN4CCCC4=O)CC3)c2O1,14,81,3,280,73,3,,https://patents.google.com/patent/WO2019239319A1/en
C32H32ClFN4O5,CC(=O)NCCn1c(CN2CCC(c3cccc4c3OC(C)(c3ccc(Cl)cc3F)O4)CC2)nc2ccc(C(=O)O)cc21,230,93,3,,,,,https://patents.google.com/patent/WO2019239319A1/en
C33H31ClFN5O4,CC1(c2ccc(Cl)cc2F)Oc2cccc(C3CCN(Cc4nc5ccc(C(=O)O)cc5n4CCn4ccnc4)CC3)c2O1,12,87,4,140,92,4,,https://patents.google.com/patent/WO2019239319A1/en
C34H33ClFN5O4,CCn1ccnc1Cn1c(CN2CCC(c3cccc4c3OC(C)(c3ccc(Cl)cc3F)O4)CC2)nc2ccc(C(=O)O)cc21,19,80,3,280,81,3,,https://patents.google.com/patent/WO2019239319A1/en
C31H30ClFN4O5,CNC(=O)Cn1c(CN2CCC(c3cccc4c3OC(C)(c3ccc(Cl)cc3F)O4)CC2)nc2ccc(C(=O)O)cc21,32,85,3,570,80,3,,https://patents.google.com/patent/WO2019239319A1/en
C33H31ClFN5O4,CC1(c2ccc(Cl)cc2F)Oc2cccc(C3CCN(Cc4nc5ccc(C(=O)O)cc5n4CCn4cccn4)CC3)c2O1,3.1,87,3,52,84,4,,https://patents.google.com/patent/WO2019239319A1/en
C33H32ClFN6O4,CC1(c2ccc(Cl)cc2F)Oc2cccc(C3CCN(Cc4nc5ccc(C(=O)O)cc5n4CCCn4cnnc4)CC3)c2O1,18,82,3,160,64,3,,https://patents.google.com/patent/WO2019239319A1/en
C34H33ClFN5O4,Cn1cnc(CCn2c(CN3CCC(c4cccc5c4OC(C)(c4ccc(Cl)cc4F)O5)CC3)nc3ccc(C(=O)O)cc32)c1,74,81,3,1100,50,3,,https://patents.google.com/patent/WO2019239319A1/en
C33H33ClFN3O5,CC1(c2ccc(Cl)cc2F)Oc2cccc(C3CCN(Cc4nc5ccc(C(=O)O)cc5n4CC4CCOC4)CC3)c2O1,1.2,87,4,11,81,3,,https://patents.google.com/patent/WO2019239319A1/en
C32H30ClFN6O4,Cn1cnnc1Cn1c(CN2CCC(c3cccc4c3OC(C)(c3ccc(Cl)cc3F)O4)CC2)nc2ccc(C(=O)O)cc21,15,86,3,500,98,3,,https://patents.google.com/patent/WO2019239319A1/en
C32H28ClFN4O5,CC1(c2ccc(Cl)cc2F)Oc2cccc(C3CCN(Cc4nc5ccc(C(=O)O)cc5n4Cc4cocn4)CC3)c2O1,4,98,3,23,88,4,,https://patents.google.com/patent/WO2019239319A1/en
C33H34ClFN4O5,CN(C)C(=O)CCn1c(CN2CCC(c3cccc4c3OC(C)(c3ccc(Cl)cc3F)O4)CC2)nc2ccc(C(=O)O)cc21,74,85,3,680,53,3,,https://patents.google.com/patent/WO2019239319A1/en
C33H32ClFN6O4,Cn1cc(CCn2c(CN3CCC(c4cccc5c4OC(C)(c4ccc(Cl)cc4F)O5)CC3)nc3ccc(C(=O)O)cc32)nn1,15,82,3,240,60,3,,https://patents.google.com/patent/WO2019239319A1/en
C32H31ClFN3O5,CC1(c2ccc(Cl)cc2F)Oc2cccc(C3CCN(Cc4nc5ccc(C(=O)O)cc5n4C4CCOC4)CC3)c2O1,10,79,3,240,85,3,,https://patents.google.com/patent/WO2019239319A1/en
C34H33ClFN5O4,Cc1nccn1CCn1c(CN2CCC(c3cccc4c3OC(C)(c3ccc(Cl)cc3F)O4)CC2)nc2ccc(C(=O)O)cc21,2.2,94,3,82,95,3,,https://patents.google.com/patent/WO2019239319A1/en
C32H30ClFN6O4,Cn1cc(Cn2c(CN3CCC(c4cccc5c4OC(C)(c4ccc(Cl)cc4F)O5)CC3)nc3ccc(C(=O)O)cc32)nn1,5.2,91,3,66,96,3,,https://patents.google.com/patent/WO2019239319A1/en
C33H33ClFN3O5,CC1(c2ccc(Cl)cc2F)Oc2cccc(C3CCN(Cc4nc5ccc(C(=O)O)cc5n4C[C@H]4CCCO4)CC3)c2O1,9.2,94,3,91,80,3,,https://patents.google.com/patent/WO2019239319A1/en
C34H30ClFN4O4,CC1(c2ccc(Cl)cc2F)Oc2cccc(C3CCN(Cc4nc5ccc(C(=O)O)cc5n4Cc4cccnc4)CC3)c2O1,1.2,99,3,11,99,6,,https://patents.google.com/patent/WO2019239319A1/en
C32H32ClFN4O5,CN(C)C(=O)Cn1c(CN2CCC(c3cccc4c3OC(C)(c3ccc(Cl)cc3F)O4)CC2)nc2ccc(C(=O)O)cc21,51,82,3,850,74,3,,https://patents.google.com/patent/WO2019239319A1/en
C34H36ClFN4O4,CC1(c2ccc(Cl)cc2F)Oc2cccc(C3CCN(Cc4nc5ccc(C(=O)O)cc5n4CCN4CCCC4)CC3)c2O1,710,83,3,,,,,https://patents.google.com/patent/WO2019239319A1/en
C34H33ClFN5O5,COCc1cc(Cn2c(CN3CCC(c4cccc5c4OC(C)(c4ccc(Cl)cc4F)O5)CC3)nc3ccc(C(=O)O)cc32)[nH]n1,73,89,3,1200,94,3,,https://patents.google.com/patent/WO2019239319A1/en
C32H28ClFN4O5,CC1(c2ccc(Cl)cc2F)Oc2cccc(C3CCN(Cc4nc5ccc(C(=O)O)cc5n4Cc4cnco4)CC3)c2O1,10,100,3,8.3,98,3,,https://patents.google.com/patent/WO2019239319A1/en
C34H34ClFN6O5,COCCn1cnnc1Cn1c(CN2CCC(c3cccc4c3OC(C)(c3ccc(Cl)cc3F)O4)CC2)nc2ccc(C(=O)O)cc21,2.8,100,4,97,100,4,,https://patents.google.com/patent/WO2019239319A1/en
C32H34ClFN4O6S,CN(CCn1c(CN2CCC(c3cccc4c3OC(C)(c3ccc(Cl)cc3F)O4)CC2)nc2ccc(C(=O)O)cc21)S(C)(=O)=O,6.8,80,4,74,80,3,,https://patents.google.com/patent/WO2019239319A1/en
C33H33ClFN3O5,CC1(c2ccc(Cl)cc2F)Oc2cccc(C3CCN(Cc4nc5ccc(C(=O)O)cc5n4CC4(O)CCC4)CC3)c2O1,14,76,3,310,80,3,,https://patents.google.com/patent/WO2019239319A1/en
C32H29ClFN5O4,CC1(c2ccc(Cl)cc2F)Oc2cccc(C3CCN(Cc4nc5ccc(C(=O)O)cc5n4Cc4cn[nH]c4)CC3)c2O1,1.7,98,3,10,100,3,,https://patents.google.com/patent/WO2019239319A1/en
C33H31ClFN5O4,CC1(c2ccc(Cl)cc2F)Oc2cccc(C3CCN(Cc4nc5ccc(C(=O)O)cc5n4CCc4ncc[nH]4)CC3)c2O1,460,90,3,,,,,https://patents.google.com/patent/WO2019239319A1/en
C30H29ClFN3O5,CC1(c2ccc(Cl)cc2F)Oc2cccc(C3CCN(Cc4nc5ccc(C(=O)O)cc5n4CCO)CC3)c2O1,65,82,3,1000,71,3,,https://patents.google.com/patent/WO2019239319A1/en
C33H32ClFN6O4,CCn1cc(Cn2c(CN3CCC(c4cccc5c4OC(C)(c4ccc(Cl)cc4F)O5)CC3)nc3ccc(C(=O)O)cc32)nn1,0.77,93,3,7.6,100,3,,https://patents.google.com/patent/WO2019239319A1/en
C33H31ClFN5O4,Cn1cnc(Cn2c(CN3CCC(c4cccc5c4OC(C)(c4ccc(Cl)cc4F)O5)CC3)nc3ccc(C(=O)O)cc32)c1,53,89,3,1700,92,3,,https://patents.google.com/patent/WO2019239319A1/en
C32H30ClFN6O4,Cn1cnnc1Cn1c(CN2CCC(c3cccc4c3OC(C)(c3ccc(Cl)cc3F)O4)CC2)nc2ccc(C(=O)O)cc21,4.5,89,4,78,100,3,,https://patents.google.com/patent/WO2019239319A1/en
C33H33ClFN3O5,CC1(c2ccc(Cl)cc2F)Oc2cccc(C3CCN(Cc4nc5ccc(C(=O)O)cc5n4C[C@@H]4CCCO4)CC3)c2O1,1.4,85,3,21,85,3,,https://patents.google.com/patent/WO2019239319A1/en
C32H28ClFN4O5,CC1(c2ccc(Cl)cc2F)Oc2cccc(C3CCN(Cc4nc5ccc(C(=O)O)cc5n4Cc4ncco4)CC3)c2O1,1.1,87,3,6.9,96,4,,https://patents.google.com/patent/WO2019239319A1/en
C31H27ClFN5O5,CC1(c2ccc(Cl)cc2F)Oc2cccc(C3CCN(Cc4nc5ccc(C(=O)O)nc5n4Cc4cnco4)CC3)c2O1,29,110,3,54,110,3,,https://patents.google.com/patent/WO2019239319A1/en
C31H33N3O5,COCCn1c(CN2CCC(c3cccc4c3OC(C)(c3ccccc3)O4)CC2)nc2ccc(C(=O)O)cc21,47,83,3,1000,83,3,,https://patents.google.com/patent/WO2019239319A1/en
C32H34ClN3O6,COCCn1c(CN2CCC(c3cccc4c3OC(C)(c3ccc(OC)cc3Cl)O4)CC2)nc2ccc(C(=O)O)cc21,3.4,85,4,44,88,4,,https://patents.google.com/patent/WO2019239319A1/en
C32H35N3O5,COCCn1c(CN2CCC(c3cccc4c3OC(C)(c3ccc(C)cc3)O4)CC2)nc2ccc(C(=O)O)cc21,9.1,93,3,100,86,3,,https://patents.google.com/patent/WO2019239319A1/en
C32H35N3O5,COCCn1c(CN2CCC(c3cccc4c3OC(C)(c3cccc(C)c3)O4)CC2)nc2ccc(C(=O)O)cc21,230,80,3,,,,,https://patents.google.com/patent/WO2019239319A1/en
C31H32ClN3O5,COCCn1c(CN2CCC(c3cccc4c3OC(C)(c3ccccc3Cl)O4)CC2)nc2ccc(C(=O)O)cc21,24,91,3,410,100,3,,https://patents.google.com/patent/WO2019239319A1/en
C32H32N4O5,COCCn1c(CN2CCC(c3cccc4c3OC(C)(c3cccc(C#N)c3)O4)CC2)nc2ccc(C(=O)O)cc21,570,89,3,,,,,https://patents.google.com/patent/WO2019239319A1/en
C32H35N3O5,COCCn1c(CN2CCC(c3cccc4c3OC(C)(c3ccccc3C)O4)CC2)nc2ccc(C(=O)O)cc21,17,86,3,360,91,3,,https://patents.google.com/patent/WO2019239319A1/en
C30H32N4O5,COCCn1c(CN2CCC(c3cccc4c3OC(C)(c3ccccn3)O4)CC2)nc2ccc(C(=O)O)cc21,130,85,3,2900,87,3,,https://patents.google.com/patent/WO2019239319A1/en
C30H32N4O5,COCCn1c(CN2CCC(c3cccc4c3OC(C)(c3ccccn3)O4)CC2)nc2ccc(C(=O)O)cc21,>20000,,1,,,,,https://patents.google.com/patent/WO2019239319A1/en
C30H31ClN4O5,COCCn1c(CN2CCC(c3cccc4c3OC(C)(c3ccc(Cl)cn3)O4)CC2)nc2ccc(C(=O)O)cc21,14000,100,3,>20000,,1,,https://patents.google.com/patent/WO2019239319A1/en
C30H31ClN4O5,COCCn1c(CN2CCC(c3cccc4c3OC(C)(c3ccc(Cl)cn3)O4)CC2)nc2ccc(C(=O)O)cc21,4.2,90,5,72,83,3,,https://patents.google.com/patent/WO2019239319A1/en
C31H31N5O5,COCCn1c(CN2CCC(c3cccc4c3OC(C)(c3ccc(C#N)cn3)O4)CC2)nc2ccc(C(=O)O)cc21,>6500,84,5,>20000,,1,,https://patents.google.com/patent/WO2019239319A1/en
C31H31N5O5,COCCn1c(CN2CCC(c3cccc4c3OC(C)(c3ccc(C#N)cn3)O4)CC2)nc2ccc(C(=O)O)cc21,12,89,5,360,87,3,,https://patents.google.com/patent/WO2019239319A1/en
C31H31ClN4O5,CC1(c2ccc(Cl)cn2)Oc2cccc(C3CCN(Cc4nc5ccc(C(=O)O)cc5n4C[C@@H]4CCO4)CC3)c2O1,220,77,3,>13000,,5,Tested as formate salt and free acid,https://patents.google.com/patent/WO2019239319A1/en
C32H30ClF2N3O5,CC1(c2ccc(Cl)cc2F)Oc2c(F)ccc(C3CCN(Cc4nc5ccc(C(=O)O)cc5n4C[C@@H]4CCO4)CC3)c2O1,1.1,85,3,11,93,4,,https://patents.google.com/patent/WO2019239319A1/en
C32H30ClF2N3O5,CC1(c2ccc(Cl)cc2F)Oc2c(F)ccc(C3CCN(Cc4nc5ccc(C(=O)O)cc5n4C[C@@H]4CCO4)CC3)c2O1,14,86,3,140,93,4,,https://patents.google.com/patent/WO2019239319A1/en
C33H28FN5O5,CC1(c2ccc(C#N)cc2F)Oc2cccc(C3CCN(Cc4nc5ccc(C(=O)O)cc5n4Cc4ncco4)CC3)c2O1,50,97,3,440,95,3,,https://patents.google.com/patent/WO2019239319A1/en
C33H28FN5O5,CC1(c2ccc(C#N)cc2F)Oc2cccc(C3CCN(Cc4nc5ccc(C(=O)O)cc5n4Cc4ncco4)CC3)c2O1,2.8,99,4,5.4,91,2,,https://patents.google.com/patent/WO2019239319A1/en
C32H30ClF2N3O5,C[C@]1(c2ccc(Cl)cc2F)Oc2cccc(C3CCN(Cc4nc5ccc(C(=O)O)c(F)c5n4C[C@@H]4CCO4)CC3)c2O1,,,,7.6,99,1,,https://patents.google.com/patent/WO2019239319A1/en
C31H28ClF2N3O5,O=C(O)c1ccc2nc(CN3CCC(c4cccc5c4O[C@@H](c4ccc(Cl)cc4F)O5)CC3)n(C[C@@H]3CCO3)c2c1F,,,,19,74,1,,https://patents.google.com/patent/WO2019239319A1/en
C31H33N3O6,COCCn1c(CN2CCC(c3cccc4c3OC(CO)(c3ccccc3)O4)CC2)nc2ccc(C(=O)O)cc21,600,86,4,,,,,https://patents.google.com/patent/WO2019239319A1/en
